kb_id,intent,title,question_examples,answer_summary,procedure_steps,required_documents,fee,processing_time,department,source_title,source_url,last_updated,keywords
KB-001,MOVE_IN_REPORT,전입신고 안내,이사했는데 전입신고 어떻게 해요?|전입신고 서류 뭐 필요해요?,전입신고는 이사 후 새 주소를 등록하는 민원입니다.,새 주소 확인 > 서류 준비 > 온라인 또는 방문 신청 > 처리 결과 확인,신분증;전입신고서;상황별 추가 서류,무료 또는 상황별 확인,즉시 또는 기관 확인 필요,읍면동 주민센터,전입신고 안내 FAQ,,2026-07-08,이사;전입;전입신고;주민등록;세대주
KB-002,CERTIFICATE_ISSUE,주민등록등본 발급 안내,등본 어디서 발급해요?|주민등록등본 인터넷 발급 되나요?,"주민등록등본은 온라인, 무인민원발급기, 주민센터에서 발급할 수 있습니다.",발급 방법 선택 > 본인 확인 > 발급 신청 > 출력 또는 수령,본인확인 수단;신분증,온라인 무료 또는 기관 기준 확인,즉시,읍면동 주민센터,증명서 발급 안내 FAQ,,2026-07-08,등본;초본;증명서;무인발급기;정부24
KB-003,BULKY_WASTE,대형폐기물 배출 신고 안내,침대 버리려면 어떻게 해요?|대형폐기물 스티커 어디서 사요?,대형폐기물은 배출 전 신고 후 수수료를 납부하고 지정 장소에 배출해야 합니다.,품목 확인 > 배출 신고 > 수수료 납부 > 신고번호 확인 > 지정 장소 배출,배출 품목;주소;배출 예정일;연락처,품목별 상이,신고 후 지정일 배출,자원순환 담당 부서,대형폐기물 배출 안내 FAQ,,2026-07-08,대형폐기물;침대;소파;스티커;수수료;폐가전
KB-004,LOCAL_TAX,지방세 납부 안내,자동차세 어디서 납부해요?|지방세 문의 어디로 해요?,지방세는 온라인 납부 또는 담당 세정 부서를 통해 확인할 수 있습니다.,세목 확인 > 납부 채널 선택 > 납부 > 영수증 확인,고지서;본인확인 정보,세목별 상이,즉시 또는 기관 확인,세정과,지방세 납부 안내 FAQ,,2026-07-08,자동차세;지방세;납부;세정과;위택스
KB-005,WELFARE,복지 상담 안내,복지 지원 받고 싶어요|기초생활 지원 문의하고 싶어요,복지 지원은 가구 상황과 소득·재산에 따라 달라질 수 있어 일반 안내 후 담당 부서 상담이 필요합니다.,상담 분야 확인 > 기본 조건 확인 > 필요 서류 준비 > 복지 담당 부서 상담,신분증;가구 상황 확인 자료;소득 관련 자료,무료,상담 후 확인,복지정책과 또는 주민센터 복지 담당,복지 상담 안내 FAQ,,2026-07-08,복지;기초생활;긴급복지;상담;지원금
KB-006,BUSINESS_PERMIT,음식점 영업신고 준비 안내,가게 열려면 뭐부터 해야 해요?|음식점 영업신고 서류 알려줘,음식점 영업신고는 업종과 장소 조건에 따라 필요한 서류와 절차가 달라질 수 있습니다.,업종 확인 > 장소 요건 확인 > 서류 준비 > 담당 부서 신고 > 결과 확인,신분증;영업신고서;위생교육 수료증 등,업종별 상이,기관 확인 필요,인허가 담당 부서,영업신고 안내 FAQ,,2026-07-08,영업신고;음식점;인허가;창업;위생
KB-007,TRAFFIC_PARKING,불법주정차 신고 안내,불법주정차 신고 어디서 해요?|주차 민원 넣고 싶어요,불법주정차 신고는 관련 앱 또는 담당 교통 부서를 통해 접수할 수 있습니다.,위치 확인 > 사진/시간 정보 확인 > 신고 채널 선택 > 접수,위치;사진;발생시간,무료,접수 후 검토,교통과,교통 민원 안내 FAQ,,2026-07-08,주차;불법주정차;교통;신고
KB-008,LIFE_ENV,생활환경 민원 안내,공사 소음 신고 어디서 해요?|소음 민원 넣고 싶어요,생활환경 민원은 발생 장소와 유형에 따라 담당 부서로 연결됩니다.,민원 유형 확인 > 발생 위치 확인 > 담당 부서 연결 > 접수 안내,발생 위치;발생 시간;상황 설명,무료,접수 후 검토,환경 담당 부서,생활환경 민원 안내 FAQ,,2026-07-08,소음;환경;공사;생활민원
KB-009,YOUTH_JOB,청년 지원 상담 안내,청년 지원금 있나요?|청년 월세 지원 문의해요,청년 지원은 공고 기간과 자격 조건에 따라 달라지므로 최신 공고 확인과 담당 부서 상담이 필요합니다.,지원 분야 확인 > 공고 확인 > 자격 조건 확인 > 신청 또는 상담,신분증;거주 확인 자료;자격 확인 자료,무료,공고별 상이,청년정책 담당 부서,청년지원 안내 FAQ,,2026-07-08,청년;월세;지원금;일자리;공고
KB-010,OFFICE_LOOKUP,주민센터 찾기 안내,가까운 주민센터 어디예요?|아름동 주민센터 전화번호 알려줘,사용자가 선택한 동이나 위치를 기준으로 가까운 주민센터와 담당 부서를 안내합니다.,동 선택 > 기관 확인 > 전화/지도 연결,없음,무료,즉시,읍면동 행정복지센터,기관 안내 데이터,,2026-07-08,주민센터;행정복지센터;전화번호;지도
KB-011,BULKY_WASTE,BULKY_WASTE 추가 FAQ 11,예시 질문 11|관련 문의 11,BULKY_WASTE 관련 민원 안내 샘플 답변입니다.,질문 확인 > 조건 확인 > 절차 안내 > 담당 부서 연결,상황별 확인,상황별 확인,기관 확인 필요,담당 부서,샘플 행정 지식베이스,,2026-07-08,BULKY_WASTE;샘플;민원
KB-012,LOCAL_TAX,LOCAL_TAX 추가 FAQ 12,예시 질문 12|관련 문의 12,LOCAL_TAX 관련 민원 안내 샘플 답변입니다.,질문 확인 > 조건 확인 > 절차 안내 > 담당 부서 연결,상황별 확인,상황별 확인,기관 확인 필요,담당 부서,샘플 행정 지식베이스,,2026-07-08,LOCAL_TAX;샘플;민원
KB-013,WELFARE,WELFARE 추가 FAQ 13,예시 질문 13|관련 문의 13,WELFARE 관련 민원 안내 샘플 답변입니다.,질문 확인 > 조건 확인 > 절차 안내 > 담당 부서 연결,상황별 확인,상황별 확인,기관 확인 필요,담당 부서,샘플 행정 지식베이스,,2026-07-08,WELFARE;샘플;민원
KB-014,BUSINESS_PERMIT,BUSINESS_PERMIT 추가 FAQ 14,예시 질문 14|관련 문의 14,BUSINESS_PERMIT 관련 민원 안내 샘플 답변입니다.,질문 확인 > 조건 확인 > 절차 안내 > 담당 부서 연결,상황별 확인,상황별 확인,기관 확인 필요,담당 부서,샘플 행정 지식베이스,,2026-07-08,BUSINESS_PERMIT;샘플;민원
KB-015,TRAFFIC_PARKING,TRAFFIC_PARKING 추가 FAQ 15,예시 질문 15|관련 문의 15,TRAFFIC_PARKING 관련 민원 안내 샘플 답변입니다.,질문 확인 > 조건 확인 > 절차 안내 > 담당 부서 연결,상황별 확인,상황별 확인,기관 확인 필요,담당 부서,샘플 행정 지식베이스,,2026-07-08,TRAFFIC_PARKING;샘플;민원
KB-016,LIFE_ENV,LIFE_ENV 추가 FAQ 16,예시 질문 16|관련 문의 16,LIFE_ENV 관련 민원 안내 샘플 답변입니다.,질문 확인 > 조건 확인 > 절차 안내 > 담당 부서 연결,상황별 확인,상황별 확인,기관 확인 필요,담당 부서,샘플 행정 지식베이스,,2026-07-08,LIFE_ENV;샘플;민원
KB-017,YOUTH_JOB,YOUTH_JOB 추가 FAQ 17,예시 질문 17|관련 문의 17,YOUTH_JOB 관련 민원 안내 샘플 답변입니다.,질문 확인 > 조건 확인 > 절차 안내 > 담당 부서 연결,상황별 확인,상황별 확인,기관 확인 필요,담당 부서,샘플 행정 지식베이스,,2026-07-08,YOUTH_JOB;샘플;민원
KB-018,MOVE_IN_REPORT,MOVE_IN_REPORT 추가 FAQ 18,예시 질문 18|관련 문의 18,MOVE_IN_REPORT 관련 민원 안내 샘플 답변입니다.,질문 확인 > 조건 확인 > 절차 안내 > 담당 부서 연결,상황별 확인,상황별 확인,기관 확인 필요,담당 부서,샘플 행정 지식베이스,,2026-07-08,MOVE_IN_REPORT;샘플;민원
KB-019,CERTIFICATE_ISSUE,CERTIFICATE_ISSUE 추가 FAQ 19,예시 질문 19|관련 문의 19,CERTIFICATE_ISSUE 관련 민원 안내 샘플 답변입니다.,질문 확인 > 조건 확인 > 절차 안내 > 담당 부서 연결,상황별 확인,상황별 확인,기관 확인 필요,담당 부서,샘플 행정 지식베이스,,2026-07-08,CERTIFICATE_ISSUE;샘플;민원
KB-020,BULKY_WASTE,BULKY_WASTE 추가 FAQ 20,예시 질문 20|관련 문의 20,BULKY_WASTE 관련 민원 안내 샘플 답변입니다.,질문 확인 > 조건 확인 > 절차 안내 > 담당 부서 연결,상황별 확인,상황별 확인,기관 확인 필요,담당 부서,샘플 행정 지식베이스,,2026-07-08,BULKY_WASTE;샘플;민원
KB-021,LOCAL_TAX,LOCAL_TAX 추가 FAQ 21,예시 질문 21|관련 문의 21,LOCAL_TAX 관련 민원 안내 샘플 답변입니다.,질문 확인 > 조건 확인 > 절차 안내 > 담당 부서 연결,상황별 확인,상황별 확인,기관 확인 필요,담당 부서,샘플 행정 지식베이스,,2026-07-08,LOCAL_TAX;샘플;민원
KB-022,WELFARE,WELFARE 추가 FAQ 22,예시 질문 22|관련 문의 22,WELFARE 관련 민원 안내 샘플 답변입니다.,질문 확인 > 조건 확인 > 절차 안내 > 담당 부서 연결,상황별 확인,상황별 확인,기관 확인 필요,담당 부서,샘플 행정 지식베이스,,2026-07-08,WELFARE;샘플;민원
KB-023,BUSINESS_PERMIT,BUSINESS_PERMIT 추가 FAQ 23,예시 질문 23|관련 문의 23,BUSINESS_PERMIT 관련 민원 안내 샘플 답변입니다.,질문 확인 > 조건 확인 > 절차 안내 > 담당 부서 연결,상황별 확인,상황별 확인,기관 확인 필요,담당 부서,샘플 행정 지식베이스,,2026-07-08,BUSINESS_PERMIT;샘플;민원
KB-024,TRAFFIC_PARKING,TRAFFIC_PARKING 추가 FAQ 24,예시 질문 24|관련 문의 24,TRAFFIC_PARKING 관련 민원 안내 샘플 답변입니다.,질문 확인 > 조건 확인 > 절차 안내 > 담당 부서 연결,상황별 확인,상황별 확인,기관 확인 필요,담당 부서,샘플 행정 지식베이스,,2026-07-08,TRAFFIC_PARKING;샘플;민원
KB-025,LIFE_ENV,LIFE_ENV 추가 FAQ 25,예시 질문 25|관련 문의 25,LIFE_ENV 관련 민원 안내 샘플 답변입니다.,질문 확인 > 조건 확인 > 절차 안내 > 담당 부서 연결,상황별 확인,상황별 확인,기관 확인 필요,담당 부서,샘플 행정 지식베이스,,2026-07-08,LIFE_ENV;샘플;민원
KB-026,YOUTH_JOB,YOUTH_JOB 추가 FAQ 26,예시 질문 26|관련 문의 26,YOUTH_JOB 관련 민원 안내 샘플 답변입니다.,질문 확인 > 조건 확인 > 절차 안내 > 담당 부서 연결,상황별 확인,상황별 확인,기관 확인 필요,담당 부서,샘플 행정 지식베이스,,2026-07-08,YOUTH_JOB;샘플;민원
KB-027,MOVE_IN_REPORT,MOVE_IN_REPORT 추가 FAQ 27,예시 질문 27|관련 문의 27,MOVE_IN_REPORT 관련 민원 안내 샘플 답변입니다.,질문 확인 > 조건 확인 > 절차 안내 > 담당 부서 연결,상황별 확인,상황별 확인,기관 확인 필요,담당 부서,샘플 행정 지식베이스,,2026-07-08,MOVE_IN_REPORT;샘플;민원
KB-028,CERTIFICATE_ISSUE,CERTIFICATE_ISSUE 추가 FAQ 28,예시 질문 28|관련 문의 28,CERTIFICATE_ISSUE 관련 민원 안내 샘플 답변입니다.,질문 확인 > 조건 확인 > 절차 안내 > 담당 부서 연결,상황별 확인,상황별 확인,기관 확인 필요,담당 부서,샘플 행정 지식베이스,,2026-07-08,CERTIFICATE_ISSUE;샘플;민원
KB-029,BULKY_WASTE,BULKY_WASTE 추가 FAQ 29,예시 질문 29|관련 문의 29,BULKY_WASTE 관련 민원 안내 샘플 답변입니다.,질문 확인 > 조건 확인 > 절차 안내 > 담당 부서 연결,상황별 확인,상황별 확인,기관 확인 필요,담당 부서,샘플 행정 지식베이스,,2026-07-08,BULKY_WASTE;샘플;민원
KB-030,LOCAL_TAX,LOCAL_TAX 추가 FAQ 30,예시 질문 30|관련 문의 30,LOCAL_TAX 관련 민원 안내 샘플 답변입니다.,질문 확인 > 조건 확인 > 절차 안내 > 담당 부서 연결,상황별 확인,상황별 확인,기관 확인 필요,담당 부서,샘플 행정 지식베이스,,2026-07-08,LOCAL_TAX;샘플;민원
KB-031,WELFARE,WELFARE 추가 FAQ 31,예시 질문 31|관련 문의 31,WELFARE 관련 민원 안내 샘플 답변입니다.,질문 확인 > 조건 확인 > 절차 안내 > 담당 부서 연결,상황별 확인,상황별 확인,기관 확인 필요,담당 부서,샘플 행정 지식베이스,,2026-07-08,WELFARE;샘플;민원
KB-032,BUSINESS_PERMIT,BUSINESS_PERMIT 추가 FAQ 32,예시 질문 32|관련 문의 32,BUSINESS_PERMIT 관련 민원 안내 샘플 답변입니다.,질문 확인 > 조건 확인 > 절차 안내 > 담당 부서 연결,상황별 확인,상황별 확인,기관 확인 필요,담당 부서,샘플 행정 지식베이스,,2026-07-08,BUSINESS_PERMIT;샘플;민원
KB-033,TRAFFIC_PARKING,TRAFFIC_PARKING 추가 FAQ 33,예시 질문 33|관련 문의 33,TRAFFIC_PARKING 관련 민원 안내 샘플 답변입니다.,질문 확인 > 조건 확인 > 절차 안내 > 담당 부서 연결,상황별 확인,상황별 확인,기관 확인 필요,담당 부서,샘플 행정 지식베이스,,2026-07-08,TRAFFIC_PARKING;샘플;민원
KB-034,LIFE_ENV,LIFE_ENV 추가 FAQ 34,예시 질문 34|관련 문의 34,LIFE_ENV 관련 민원 안내 샘플 답변입니다.,질문 확인 > 조건 확인 > 절차 안내 > 담당 부서 연결,상황별 확인,상황별 확인,기관 확인 필요,담당 부서,샘플 행정 지식베이스,,2026-07-08,LIFE_ENV;샘플;민원
KB-035,YOUTH_JOB,YOUTH_JOB 추가 FAQ 35,예시 질문 35|관련 문의 35,YOUTH_JOB 관련 민원 안내 샘플 답변입니다.,질문 확인 > 조건 확인 > 절차 안내 > 담당 부서 연결,상황별 확인,상황별 확인,기관 확인 필요,담당 부서,샘플 행정 지식베이스,,2026-07-08,YOUTH_JOB;샘플;민원
KB-036,MOVE_IN_REPORT,MOVE_IN_REPORT 추가 FAQ 36,예시 질문 36|관련 문의 36,MOVE_IN_REPORT 관련 민원 안내 샘플 답변입니다.,질문 확인 > 조건 확인 > 절차 안내 > 담당 부서 연결,상황별 확인,상황별 확인,기관 확인 필요,담당 부서,샘플 행정 지식베이스,,2026-07-08,MOVE_IN_REPORT;샘플;민원
KB-037,CERTIFICATE_ISSUE,CERTIFICATE_ISSUE 추가 FAQ 37,예시 질문 37|관련 문의 37,CERTIFICATE_ISSUE 관련 민원 안내 샘플 답변입니다.,질문 확인 > 조건 확인 > 절차 안내 > 담당 부서 연결,상황별 확인,상황별 확인,기관 확인 필요,담당 부서,샘플 행정 지식베이스,,2026-07-08,CERTIFICATE_ISSUE;샘플;민원
KB-038,BULKY_WASTE,BULKY_WASTE 추가 FAQ 38,예시 질문 38|관련 문의 38,BULKY_WASTE 관련 민원 안내 샘플 답변입니다.,질문 확인 > 조건 확인 > 절차 안내 > 담당 부서 연결,상황별 확인,상황별 확인,기관 확인 필요,담당 부서,샘플 행정 지식베이스,,2026-07-08,BULKY_WASTE;샘플;민원
KB-039,LOCAL_TAX,LOCAL_TAX 추가 FAQ 39,예시 질문 39|관련 문의 39,LOCAL_TAX 관련 민원 안내 샘플 답변입니다.,질문 확인 > 조건 확인 > 절차 안내 > 담당 부서 연결,상황별 확인,상황별 확인,기관 확인 필요,담당 부서,샘플 행정 지식베이스,,2026-07-08,LOCAL_TAX;샘플;민원
KB-040,WELFARE,WELFARE 추가 FAQ 40,예시 질문 40|관련 문의 40,WELFARE 관련 민원 안내 샘플 답변입니다.,질문 확인 > 조건 확인 > 절차 안내 > 담당 부서 연결,상황별 확인,상황별 확인,기관 확인 필요,담당 부서,샘플 행정 지식베이스,,2026-07-08,WELFARE;샘플;민원
KB-041,BUSINESS_PERMIT,BUSINESS_PERMIT 추가 FAQ 41,예시 질문 41|관련 문의 41,BUSINESS_PERMIT 관련 민원 안내 샘플 답변입니다.,질문 확인 > 조건 확인 > 절차 안내 > 담당 부서 연결,상황별 확인,상황별 확인,기관 확인 필요,담당 부서,샘플 행정 지식베이스,,2026-07-08,BUSINESS_PERMIT;샘플;민원
KB-042,TRAFFIC_PARKING,TRAFFIC_PARKING 추가 FAQ 42,예시 질문 42|관련 문의 42,TRAFFIC_PARKING 관련 민원 안내 샘플 답변입니다.,질문 확인 > 조건 확인 > 절차 안내 > 담당 부서 연결,상황별 확인,상황별 확인,기관 확인 필요,담당 부서,샘플 행정 지식베이스,,2026-07-08,TRAFFIC_PARKING;샘플;민원
KB-043,LIFE_ENV,LIFE_ENV 추가 FAQ 43,예시 질문 43|관련 문의 43,LIFE_ENV 관련 민원 안내 샘플 답변입니다.,질문 확인 > 조건 확인 > 절차 안내 > 담당 부서 연결,상황별 확인,상황별 확인,기관 확인 필요,담당 부서,샘플 행정 지식베이스,,2026-07-08,LIFE_ENV;샘플;민원
KB-044,YOUTH_JOB,YOUTH_JOB 추가 FAQ 44,예시 질문 44|관련 문의 44,YOUTH_JOB 관련 민원 안내 샘플 답변입니다.,질문 확인 > 조건 확인 > 절차 안내 > 담당 부서 연결,상황별 확인,상황별 확인,기관 확인 필요,담당 부서,샘플 행정 지식베이스,,2026-07-08,YOUTH_JOB;샘플;민원
KB-045,MOVE_IN_REPORT,MOVE_IN_REPORT 추가 FAQ 45,예시 질문 45|관련 문의 45,MOVE_IN_REPORT 관련 민원 안내 샘플 답변입니다.,질문 확인 > 조건 확인 > 절차 안내 > 담당 부서 연결,상황별 확인,상황별 확인,기관 확인 필요,담당 부서,샘플 행정 지식베이스,,2026-07-08,MOVE_IN_REPORT;샘플;민원
KB-046,CERTIFICATE_ISSUE,CERTIFICATE_ISSUE 추가 FAQ 46,예시 질문 46|관련 문의 46,CERTIFICATE_ISSUE 관련 민원 안내 샘플 답변입니다.,질문 확인 > 조건 확인 > 절차 안내 > 담당 부서 연결,상황별 확인,상황별 확인,기관 확인 필요,담당 부서,샘플 행정 지식베이스,,2026-07-08,CERTIFICATE_ISSUE;샘플;민원
KB-047,BULKY_WASTE,BULKY_WASTE 추가 FAQ 47,예시 질문 47|관련 문의 47,BULKY_WASTE 관련 민원 안내 샘플 답변입니다.,질문 확인 > 조건 확인 > 절차 안내 > 담당 부서 연결,상황별 확인,상황별 확인,기관 확인 필요,담당 부서,샘플 행정 지식베이스,,2026-07-08,BULKY_WASTE;샘플;민원
KB-048,LOCAL_TAX,LOCAL_TAX 추가 FAQ 48,예시 질문 48|관련 문의 48,LOCAL_TAX 관련 민원 안내 샘플 답변입니다.,질문 확인 > 조건 확인 > 절차 안내 > 담당 부서 연결,상황별 확인,상황별 확인,기관 확인 필요,담당 부서,샘플 행정 지식베이스,,2026-07-08,LOCAL_TAX;샘플;민원
KB-049,WELFARE,WELFARE 추가 FAQ 49,예시 질문 49|관련 문의 49,WELFARE 관련 민원 안내 샘플 답변입니다.,질문 확인 > 조건 확인 > 절차 안내 > 담당 부서 연결,상황별 확인,상황별 확인,기관 확인 필요,담당 부서,샘플 행정 지식베이스,,2026-07-08,WELFARE;샘플;민원
KB-050,BUSINESS_PERMIT,BUSINESS_PERMIT 추가 FAQ 50,예시 질문 50|관련 문의 50,BUSINESS_PERMIT 관련 민원 안내 샘플 답변입니다.,질문 확인 > 조건 확인 > 절차 안내 > 담당 부서 연결,상황별 확인,상황별 확인,기관 확인 필요,담당 부서,샘플 행정 지식베이스,,2026-07-08,BUSINESS_PERMIT;샘플;민원
KB-051,TRAFFIC_PARKING,TRAFFIC_PARKING 추가 FAQ 51,예시 질문 51|관련 문의 51,TRAFFIC_PARKING 관련 민원 안내 샘플 답변입니다.,질문 확인 > 조건 확인 > 절차 안내 > 담당 부서 연결,상황별 확인,상황별 확인,기관 확인 필요,담당 부서,샘플 행정 지식베이스,,2026-07-08,TRAFFIC_PARKING;샘플;민원
KB-052,LIFE_ENV,LIFE_ENV 추가 FAQ 52,예시 질문 52|관련 문의 52,LIFE_ENV 관련 민원 안내 샘플 답변입니다.,질문 확인 > 조건 확인 > 절차 안내 > 담당 부서 연결,상황별 확인,상황별 확인,기관 확인 필요,담당 부서,샘플 행정 지식베이스,,2026-07-08,LIFE_ENV;샘플;민원
KB-053,YOUTH_JOB,YOUTH_JOB 추가 FAQ 53,예시 질문 53|관련 문의 53,YOUTH_JOB 관련 민원 안내 샘플 답변입니다.,질문 확인 > 조건 확인 > 절차 안내 > 담당 부서 연결,상황별 확인,상황별 확인,기관 확인 필요,담당 부서,샘플 행정 지식베이스,,2026-07-08,YOUTH_JOB;샘플;민원
KB-054,MOVE_IN_REPORT,MOVE_IN_REPORT 추가 FAQ 54,예시 질문 54|관련 문의 54,MOVE_IN_REPORT 관련 민원 안내 샘플 답변입니다.,질문 확인 > 조건 확인 > 절차 안내 > 담당 부서 연결,상황별 확인,상황별 확인,기관 확인 필요,담당 부서,샘플 행정 지식베이스,,2026-07-08,MOVE_IN_REPORT;샘플;민원
KB-055,CERTIFICATE_ISSUE,CERTIFICATE_ISSUE 추가 FAQ 55,예시 질문 55|관련 문의 55,CERTIFICATE_ISSUE 관련 민원 안내 샘플 답변입니다.,질문 확인 > 조건 확인 > 절차 안내 > 담당 부서 연결,상황별 확인,상황별 확인,기관 확인 필요,담당 부서,샘플 행정 지식베이스,,2026-07-08,CERTIFICATE_ISSUE;샘플;민원
KB-056,BULKY_WASTE,BULKY_WASTE 추가 FAQ 56,예시 질문 56|관련 문의 56,BULKY_WASTE 관련 민원 안내 샘플 답변입니다.,질문 확인 > 조건 확인 > 절차 안내 > 담당 부서 연결,상황별 확인,상황별 확인,기관 확인 필요,담당 부서,샘플 행정 지식베이스,,2026-07-08,BULKY_WASTE;샘플;민원
KB-057,LOCAL_TAX,LOCAL_TAX 추가 FAQ 57,예시 질문 57|관련 문의 57,LOCAL_TAX 관련 민원 안내 샘플 답변입니다.,질문 확인 > 조건 확인 > 절차 안내 > 담당 부서 연결,상황별 확인,상황별 확인,기관 확인 필요,담당 부서,샘플 행정 지식베이스,,2026-07-08,LOCAL_TAX;샘플;민원
KB-058,WELFARE,WELFARE 추가 FAQ 58,예시 질문 58|관련 문의 58,WELFARE 관련 민원 안내 샘플 답변입니다.,질문 확인 > 조건 확인 > 절차 안내 > 담당 부서 연결,상황별 확인,상황별 확인,기관 확인 필요,담당 부서,샘플 행정 지식베이스,,2026-07-08,WELFARE;샘플;민원
KB-059,BUSINESS_PERMIT,BUSINESS_PERMIT 추가 FAQ 59,예시 질문 59|관련 문의 59,BUSINESS_PERMIT 관련 민원 안내 샘플 답변입니다.,질문 확인 > 조건 확인 > 절차 안내 > 담당 부서 연결,상황별 확인,상황별 확인,기관 확인 필요,담당 부서,샘플 행정 지식베이스,,2026-07-08,BUSINESS_PERMIT;샘플;민원
KB-060,TRAFFIC_PARKING,TRAFFIC_PARKING 추가 FAQ 60,예시 질문 60|관련 문의 60,TRAFFIC_PARKING 관련 민원 안내 샘플 답변입니다.,질문 확인 > 조건 확인 > 절차 안내 > 담당 부서 연결,상황별 확인,상황별 확인,기관 확인 필요,담당 부서,샘플 행정 지식베이스,,2026-07-08,TRAFFIC_PARKING;샘플;민원
